,cluster,community_marker,velocity_pseudotime
AGTGTCATCGCTTGTC,C1,C2.0,0.15124079585075378
AGCCTAAAGGATATAC,C4,C3.0,0.4480379819869995
ACGGCCACACAGACTT,C1,C2.0,0.10116834938526154
ATCATCTTCCACTCCA,C0,C1.0,0.328218549489975
AGCGGTCTCGACAGCC,C0,C1.0,0.08111212402582169
ACTTACTGTTTGTTGG,C0,C1.0,0.189149871468544
AGCTCCTCAAGCCTAT,C1,C2.0,0.09922870248556137
ACGTCAACATAAAGGT,C0,C1.0,0.17406578361988068
ATCACGATCTACCAGA,C1,C2.0,0.08478198945522308
AAACGGGCAGATCGGA,C0,C1.0,0.17977139353752136
ACATACGGTTCAGTAC,C0,C1.0,0.21685759723186493
AGGGATGCACTCTGTC,C1,C2.0,0.115764319896698
ACGATACTCACAAACC,C2,Cnan,0.3854917883872986
AAAGATGGTGTTGAGG,C2,Cnan,0.6195480823516846
AGAGCTTGTGCATCTA,C3,C3.0,0.5832008123397827
AAAGCAAGTACCGGCT,C0,C1.0,0.2449520230293274
ACGATGTAGGCTACGA,C0,C1.0,0.18097823858261108
AAACGGGAGCTGTTCA,C2,Cnan,0.39242780208587646
AAACGGGGTAGTACCT,C1,C2.0,0.10688236355781555
ACGGGCTTCTGTCCGT,C3,C3.0,0.5801286697387695
AATCGGTGTGGTAACG,C1,C2.0,0.08860567212104797
AAGGCAGTCACCCGAG,C4,C3.0,0.8017839789390564
AATCGGTCATTCCTCG,C0,C1.0,0.3485296964645386
ACTGAGTTCGGAATCT,C1,C2.0,0.08307988196611404
AAAGATGAGGCTAGAC,C4,C3.0,0.9397010803222656
AGCATACTCATAGCAC,C2,Cnan,0.1346638947725296
AAGCCGCCAGCCTTGG,C1,C2.0,0.07150870561599731
ACATACGCACATTAGC,C0,C1.0,0.28605976700782776
AAACGGGAGCAGGTCA,C3,C3.0,0.7126871943473816
AGCTCCTTCCGCGGTA,C4,C3.0,0.5593971014022827
ACGATGTAGCTAGTGG,C3,C3.0,0.7511499524116516
AGCTCTCCATTCCTGC,C2,Cnan,0.3436039686203003
AACTCCCCACCCATGG,C0,C1.0,0.14605940878391266
ACGAGCCGTCTAACGT,C1,C2.0,0.09751672297716141
AGACGTTAGCTGAACG,C2,Cnan,0.6647551655769348
ACTTGTTCATACGCTA,C0,C1.0,0.10390839725732803
AATCCAGGTGAAGGCT,C4,C3.0,0.933782696723938
AGGCCACCACAACGCC,C2,Cnan,0.1768433004617691
AAACCTGGTTAGTGGG,C2,Cnan,0.23144030570983887
ACAGCTACATATACCG,C2,Cnan,0.20503053069114685
ACTGATGCATGTCGAT,C2,Cnan,0.5703672170639038
ACGAGCCTCTGCTTGC,C0,C1.0,0.26874643564224243
AATCGGTCATCGGAAG,C0,C1.0,0.24909867346286774
AAGGCAGTCAGCATGT,C0,C1.0,0.35203805565834045
AAGACCTTCCTCGCAT,C1,C2.0,0.13188111782073975
ACTGCTCTCACAATGC,C1,C2.0,0.04251726344227791
ACACCGGCAGACAAAT,C2,Cnan,0.2436552494764328
AAAGTAGAGAGGACGG,C1,C2.0,0.09717641770839691
AAAGTAGCAGCTGTTA,C1,C2.0,0.10076481103897095
ACATCAGTCGAACTGT,C0,C1.0,0.27195248007774353
AAGGTTCTCTAACGGT,C1,C2.0,0.09975098818540573
AGTGGGATCGTTGCCT,C4,C3.0,0.6998417973518372
ACGGGTCCAATGTAAG,C3,C3.0,0.5903259515762329
ACGGAGAGTCGAATCT,C0,C1.0,0.15611915290355682
AGCGGTCTCTCTGCTG,C1,C2.0,0.05226002261042595
ACCTTTATCCTGTACC,C2,Cnan,0.31406861543655396
ACTGCTCCATGTAAGA,C0,C1.0,0.22200194001197815
ACAGCTACACCTTGTC,C1,C2.0,0.05140528082847595
ACGGGCTTCCGGGTGT,C3,C3.0,0.7167235016822815
AGCTCCTGTATATGGA,C0,C1.0,0.2562110722064972
AAGACCTAGGCTCTTA,C1,C2.0,0.11972832679748535
AGCTTGATCAAAGTAG,C4,C3.0,0.4072136878967285
AGCTCTCCAGGACCCT,C0,C1.0,0.19505083560943604
ACCAGTAAGTGGTAAT,C0,C1.0,0.13091200590133667
AGATTGCTCATGTCCC,C1,C2.0,0.09217362105846405
AGCAGCCAGTAGTGCG,C2,Cnan,0.36902204155921936
AACGTTGAGCTATGCT,C0,C1.0,0.19314658641815186
ACGCAGCGTTCGAATC,C0,C1.0,0.2094506323337555
AAATGCCCAATGTTGC,C2,Cnan,0.3844480812549591
AAGACCTCATTTCAGG,C2,Cnan,0.1045982763171196
AGAGTGGAGTGTGAAT,C3,C3.0,0.7689535617828369
AGGGATGAGCAGGTCA,C1,C2.0,0.04762677475810051
ACGCCGAGTCCCGACA,C0,C1.0,0.28325632214546204
AGTGAGGTCGTTACGA,C1,C2.0,0.15868160128593445
ACGCCAGTCACCAGGC,C2,Cnan,0.4176067113876343
AGCTCCTCAAACAACA,C3,C3.0,0.5769513249397278
ATCATCTGTTTAAGCC,C0,C1.0,0.09893253445625305
AGGGTGATCCGCATAA,C3,C3.0,0.8167594075202942
ACATCAGGTAGCCTAT,C0,C1.0,0.13547544181346893
ACAGCTACAAGGGTCA,C3,C3.0,0.6725685596466064
AGCCTAAAGCCCGAAA,C1,C2.0,0.03966806083917618
AAACCTGCAAACTGCT,C1,C2.0,0.08679201453924179
ACTGCTCAGCGATAGC,C2,Cnan,0.21522995829582214
AACGTTGAGCCAGAAC,C0,C1.0,0.22297152876853943
AGATCTGTCTGGGCCA,C0,C1.0,0.21044109761714935
AGGGATGAGGTACTCT,C1,C2.0,0.06581424176692963
AACTCTTCAGCGATCC,C0,C1.0,0.06147819384932518
AAACGGGTCCCAAGTA,C0,C1.0,0.1793290674686432
ACTGCTCAGTAAGTAC,C2,Cnan,0.48261740803718567
ACGATACGTCGACTGC,C3,C3.0,0.6322171092033386
ACTGAACTCGGCTTGG,C4,C3.0,0.8731614947319031
ACATACGCAACGATCT,C4,C3.0,0.3620271682739258
AGGGTGATCTTGTACT,C0,C1.0,0.1388792246580124
AGGGTGACAACGCACC,C4,C3.0,0.8795398473739624
AAATGCCTCTTCATGT,C3,C3.0,0.8203805088996887
AGGCCGTCATTCGACA,C2,Cnan,0.4451884925365448
ACCAGTAAGAGGGCTT,C1,C2.0,0.10234750807285309
AGGGATGCAATGTTGC,C0,C1.0,0.14833174645900726
AGGGAGTGTAGAAGGA,C2,Cnan,0.15387967228889465
AAGGAGCCAAACGCGA,C0,C1.0,0.27407750487327576
CAGCTAATCCCTGACT,C1,C2.0,0.05177459493279457
CAGCAGCCAAACGTGG,C3,C3.0,0.797414243221283
CATCAAGCAAGTAATG,C2,Cnan,0.49898019433021545
CCTACCACACCTGGTG,C2,Cnan,0.316242516040802
CAAGGCCAGGGATGGG,C2,Cnan,0.3443838953971863
CAGCATAGTCGCCATG,C4,C3.0,0.8876560926437378
CCTCAGTCAGCGTTCG,C1,C2.0,0.1568862646818161
CAGAATCCAAACGCGA,C3,C3.0,0.647651731967926
CATGGCGGTTCCACTC,C4,C3.0,0.8121010065078735
CGGACTGTCATCGATG,C2,Cnan,0.20792166888713837
CGGAGCTTCTTTACGT,C0,C1.0,0.21737118065357208
ATGGGAGGTCTCAACA,C1,C2.0,0.10456907749176025
ATGTGTGGTCCTGCTT,C1,C2.0,0.06373431533575058
CCTTCGATCATGCAAC,C0,C1.0,0.08591414242982864
CATGCCTGTTGCCTCT,C1,C2.0,0.12548968195915222
ATTACTCGTCGGCACT,C4,C3.0,0.8372982144355774
CCTAAAGAGCTCCTTC,C3,C3.0,0.8202279806137085
CACAGTAAGACACGAC,C0,C1.0,0.13274258375167847
CACATAGAGTGAACGC,C2,Cnan,0.14758846163749695
CATGCCTAGACTGTAA,C2,Cnan,0.4783531725406647
CAGCCGAGTGACGGTA,C4,C3.0,0.7486975193023682
CATCGAACATTACGAC,C1,C2.0,0.09610561281442642
ATCCGAAAGGGTGTTG,C0,C1.0,0.2895369529724121
CGCTGGAAGATGGCGT,C0,C1.0,0.22870749235153198
CAGAATCAGGGCTTCC,C1,C2.0,0.12156013399362564
CATATTCGTCTTGATG,C2,Cnan,0.33697906136512756
CCGTACTAGCGTGAGT,C1,C2.0,0.04443340748548508
CAAGTTGAGCGCTCCA,C3,C3.0,0.8607496023178101
CGCTGGATCACATGCA,C0,C1.0,0.08967778831720352
CATCAGAAGTCATCCA,C1,C2.0,0.11146093904972076
CACACAATCTGCAAGT,C1,C2.0,0.06175198405981064
CCAGCGACACCGCTAG,C1,C2.0,0.06808432936668396
CGATCGGTCACAACGT,C0,C1.0,0.18827387690544128
CAGCCGATCGCATGGC,C2,Cnan,0.15068098902702332
CCTTTCTCAGTTTACG,C2,Cnan,0.053090885281562805
CGGAGTCAGACAATAC,C1,C2.0,0.08323633670806885
CATATGGTCTTATCTG,C4,C3.0,0.6610147356987
CATGCCTGTTAAGTAG,C1,C2.0,0.06467603147029877
CATATGGAGTGTGAAT,C1,C2.0,0.1431306153535843
CATCAGACATGCAACT,C1,C2.0,0.0488409586250782
CGGACACGTTGAGTTC,C0,C1.0,0.3978962004184723
CCTACACTCCATGAAC,C1,C2.0,0.0839633047580719
CACCACTTCGTCCAGG,C1,C2.0,0.14013530313968658
CACTCCATCCAGTAGT,C1,C2.0,0.05676531046628952
CAACTAGGTCGACTGC,C1,C2.0,0.23702377080917358
CCCTCCTCACATCCGG,C2,Cnan,0.2860894501209259
ATCTGCCAGGCCCTTG,C2,Cnan,0.5115383863449097
CCACGGAGTCCATCCT,C2,Cnan,0.19941599667072296
CGTAGCGGTATAGGGC,C1,C2.0,0.1280151754617691
CGGACGTCAGCGTAAG,C1,C2.0,0.07741701602935791
ATCCACCTCACCCTCA,C0,C1.0,0.28506654500961304
CCTCAGTCAAGGGTCA,C2,Cnan,0.2152692973613739
CAGAGAGTCACCTCGT,C1,C2.0,0.06041759252548218
CACAGGCCATCCGGGT,C3,C3.0,0.8539126515388489
CGGACGTCATTCTTAC,C0,C1.0,0.19126325845718384
CGATTGAGTGCCTGCA,C3,C3.0,0.5895715355873108
CATCAGAGTTCTCATT,C0,C1.0,0.11242907494306564
CCTACACGTCTTGCGG,C1,C2.0,0.10026988387107849
CATCGAAAGCCGTCGT,C1,C2.0,0.056461576372385025
CATCCACCACGGACAA,C3,C3.0,0.7251344919204712
ATTCTACAGGCTAGAC,C1,C2.0,0.0668458417057991
CACACAATCGAACTGT,C0,C1.0,0.21238793432712555
CATGCCTGTAGAGGAA,C1,C2.0,0.049945373088121414
CGTAGCGGTTCATGGT,C2,Cnan,0.17766809463500977
CGGGTCAAGGCATGGT,C2,Cnan,0.5261111259460449
CACACAAGTGACAAAT,C0,C1.0,0.2514910399913788
ATCCGAAAGGCCGAAT,C3,C3.0,0.7394618988037109
CAGCGACTCACGACTA,C3,C3.0,0.6741648316383362
CAGAGAGGTCGATTGT,C3,C3.0,0.7037001252174377
CATGCCTAGTTAGCGG,C4,C3.0,0.47159844636917114
CGGAGTCAGCAGGTCA,C4,C3.0,0.7952840924263
ATTGGTGAGATCGATA,C1,C2.0,0.07697417587041855
ATTGGACTCGGTCCGA,C3,C3.0,0.7439647316932678
ATTTCTGCACCTTGTC,C0,C1.0,0.35710281133651733
CACACAAAGGTGTGGT,C0,C1.0,0.2396342158317566
CGGCTAGTCCAGATCA,C1,C2.0,0.11556348949670792
CATCGGGCAACAACCT,C2,Cnan,0.3896089792251587
CCTTTCTAGGCAAAGA,C0,C1.0,0.1822449266910553
CACCTTGGTGAGGGAG,C1,C2.0,0.13433609902858734
CAACCAACAGATGAGC,C0,C1.0,0.271555632352829
CACATAGAGGAATGGA,C0,C1.0,0.19108165800571442
CAGCCGAAGGGAACGG,C1,C2.0,0.07805278152227402
ATCTACTGTTAGGGTG,C0,C1.0,0.12407378107309341
CAGCAGCGTACTTGAC,C2,Cnan,0.31650689244270325
CAACCTCCAAGTTGTC,C2,Cnan,0.08694502711296082
CATTCGCCACATGTGT,C3,C3.0,0.6998569369316101
ATCTACTTCAACCAAC,C0,C1.0,0.28679704666137695
CCCTCCTGTGACTACT,C4,C3.0,0.9316452145576477
CCACGGAAGCGTGTCC,C2,Cnan,0.3637566864490509
CACACTCGTGCTAGCC,C2,Cnan,0.3470350503921509
CGGACTGTCAGTGCAT,C4,C3.0,0.9362872242927551
CAACCAACACACGCTG,C0,C1.0,0.15533868968486786
CCACGGAAGTCTCGGC,C0,C1.0,0.2668549716472626
CGCTGGATCTGGCGAC,C0,C1.0,0.18442471325397491
CCTTCCCTCATGTCCC,C3,C3.0,0.6757708787918091
CAGAATCGTAAGGGAA,C0,C1.0,0.2863849401473999
CATGCCTAGTCTCAAC,C0,C1.0,0.18050973117351532
CAGCCGAGTAAATACG,C2,Cnan,0.5084646344184875
CAGCTGGGTAGAGTGC,C1,C2.0,0.15845048427581787
CCTTTCTTCTCAACTT,C0,C1.0,0.16393180191516876
CTCATTAAGATTACCC,C1,C2.0,0.12607641518115997
GACACGCGTCCAGTAT,C2,Cnan,0.41799190640449524
CTGTTTAAGCGGATCA,C4,C3.0,0.5483239889144897
CTGCCTACATATACGC,C3,C3.0,0.8618916273117065
CTGGTCTTCTCTTATG,C1,C2.0,0.12955735623836517
CTAGCCTTCACAATGC,C0,C1.0,0.26067915558815
GCATGCGTCTGCAAGT,C0,C1.0,0.14008763432502747
CTGATCCTCGATGAGG,C1,C2.0,0.08975794166326523
CTACGTCAGCCTTGAT,C0,C1.0,0.2144790142774582
CGTTAGAAGTCCGTAT,C1,C2.0,0.17129673063755035
GCATGTAAGAGGTAGA,C3,C3.0,0.6131646633148193
CTGCGGATCTTTAGTC,C3,C3.0,0.7187614440917969
CGTCAGGCACTTAACG,C2,Cnan,0.05819174647331238
CTTGGCTGTAGTAGTA,C2,Cnan,0.4745612144470215
GAATAAGGTTCCTCCA,C2,Cnan,0.168619304895401
GAACCTACATCATCCC,C0,C1.0,0.18215979635715485
GACGTGCCACGGTGTC,C3,C3.0,0.7995308637619019
GAAGCAGTCCACGACG,C3,C3.0,0.5146597623825073
CGTGTAAGTTAAGATG,C1,C2.0,0.061835989356040955
CTAATGGGTCATGCAT,C2,Cnan,0.323740154504776
CTTCTCTTCCACGAAT,C4,C3.0,0.9021813869476318
CTTCTCTCATCCAACA,C1,C2.0,0.12079254537820816
CTCTACGCAAACTGTC,C4,C3.0,0.9347174167633057
CTGAAGTGTAGTACCT,C2,Cnan,0.27939191460609436
GAGTCCGCAATAGAGT,C0,C1.0,0.13678660988807678
CTCCTAGTCAACACTG,C2,Cnan,0.5116460919380188
CGTGTCTGTTGATTCG,C4,C3.0,0.8126405477523804
CTTTGCGGTTTGACTG,C1,C2.0,0.08995364606380463
CTGTGCTAGTGGAGTC,C1,C2.0,0.13156525790691376
GCAGCCAAGCAGCCTC,C3,C3.0,0.8230646252632141
CTGGTCTTCAGCAACT,C1,C2.0,0.0819544568657875
CGTCCATAGAATGTGT,C0,C1.0,0.29229632019996643
CTTCTCTGTCTCCACT,C2,Cnan,0.15771572291851044
CTACGTCTCACCACCT,C4,C3.0,0.9695813059806824
CTTACCGTCATCGGAT,C0,C1.0,0.1934087723493576
CTCTGGTGTAAGAGAG,C1,C2.0,0.0818474143743515
CTACCCATCGAATGGG,C1,C2.0,0.06591574102640152
GACTAACTCTCACATT,C0,C1.0,0.42820504307746887
GACGCGTGTGGAAAGA,C1,C2.0,0.09554050117731094
GATCGCGTCCACGCAG,C4,C3.0,0.9615960717201233
CGTAGGCAGCCATCGC,C0,C1.0,0.21902185678482056
GCAATCATCATGGTCA,C2,Cnan,0.6764165163040161
GAAGCAGTCTTATCTG,C0,C1.0,0.12761911749839783
CTGCTGTGTCTACCTC,C2,Cnan,0.439327597618103
CGTCACTGTCGTCTTC,C1,C2.0,0.052034515887498856
GAGCAGATCCTATTCA,C1,C2.0,0.0748622864484787
CTCGAAAGTGGGTCAA,C4,C3.0,0.9658617973327637
GATGAGGCAGTATGCT,C2,Cnan,0.379595011472702
GCAATCATCGCAAACT,C0,C1.0,0.05037425085902214
GCGCCAACAGATTGCT,C3,C3.0,0.880277156829834
CTCGGGATCTTCTGGC,C0,C1.0,0.30353790521621704
GCACATATCATCACCC,C0,C1.0,0.1896306872367859
CGTTGGGTCGCAGGCT,C0,C1.0,0.23465792834758759
GCAAACTCATCACGTA,C0,C1.0,0.21989916265010834
GCAGCCAAGGTGTGGT,C3,C3.0,0.7427003383636475
CGTCACTAGAAACCTA,C2,Cnan,0.44862598180770874
GATCAGTAGTCAAGCG,C2,Cnan,0.4296937882900238
CTGCTGTCACGGCCAT,C3,C3.0,0.7596012949943542
CTCTACGTCTTAACCT,C3,C3.0,0.5298320651054382
CTTAGGAAGTTTGCGT,C2,Cnan,0.202074334025383
GAACCTAGTGCAGTAG,C1,C2.0,0.09177637845277786
CGTGTCTCAAGCGAGT,C1,C2.0,0.12477301061153412
CTCGAGGCAATAGCAA,C2,Cnan,0.3240477442741394
GCATGTATCTTACCGC,C1,C2.0,0.09347862750291824
GCACATAAGACTACAA,C2,Cnan,0.4698081910610199
CTTCTCTAGACAAGCC,C3,C3.0,0.8125404715538025
CGTGTCTGTCTTCAAG,C2,Cnan,0.2727450430393219
CTAGAGTGTAAGGATT,C0,C1.0,0.10696397721767426
CTAGAGTTCTGCGGCA,C3,C3.0,0.8366656303405762
CTTTGCGTCATCGGAT,C0,C1.0,0.16976185142993927
CTCGAAAAGACAGGCT,C2,Cnan,0.29715511202812195
GACCTGGTCTCGTATT,C1,C2.0,0.07186315953731537
CTCAGAACAAAGCAAT,C1,C2.0,0.06771867722272873
GCGCAACAGCTACCGC,C1,C2.0,0.0822974443435669
CTTCTCTCAGCGTTCG,C1,C2.0,0.06723743677139282
GACTGCGGTCAACTGT,C3,C3.0,0.6639566421508789
CTGCGGATCTTGAGAC,C1,C2.0,0.06848001480102539
GACTGCGTCCGTTGCT,C0,C1.0,0.21022334694862366
CTTCTCTCAAGCTGAG,C3,C3.0,0.8094490766525269
GATCGATTCAGCTCGG,C0,C1.0,0.2937873899936676
GACGTGCAGGTGCAAC,C2,Cnan,0.6443464159965515
GCATACACATTTGCCC,C2,Cnan,0.21577809751033783
GAAGCAGAGATGTGGC,C4,C3.0,0.5243763327598572
CTCGAAACAAGTTAAG,C0,C1.0,0.22156600654125214
GAGCAGAAGAGGTACC,C0,C1.0,0.20748141407966614
CTAGTGATCTACTTAC,C1,C2.0,0.14697526395320892
GACACGCGTCAGTGGA,C2,Cnan,0.14748843014240265
GCGCAGTCAGATCGGA,C2,Cnan,0.2562202215194702
GCAAACTTCGTTTATC,C0,C1.0,0.4110015034675598
GACGTGCCAGCGATCC,C1,C2.0,0.09631133079528809
CGTCTACCACGAAAGC,C1,C2.0,0.05933649465441704
CTGCGGATCGCCAAAT,C1,C2.0,0.156887486577034
CTAATGGAGTGTGAAT,C1,C2.0,0.10127952694892883
CTAGTGAAGACATAAC,C2,Cnan,0.16554181277751923
GAACGGACATGGTCTA,C3,C3.0,0.6964473724365234
GATGAAAGTGAGGGTT,C2,Cnan,0.1736566573381424
GATGCTACATCCGCGA,C0,C1.0,0.27412644028663635
CTCATTATCCAAACTG,C0,C1.0,0.28746920824050903
CTGAAGTGTAGTGAAT,C3,C3.0,0.6220251321792603
GAATAAGTCGTTACGA,C1,C2.0,0.05427644029259682
GGCCGATGTACCGAGA,C0,C1.0,0.0956689789891243
GGCTGGTGTATGAATG,C3,C3.0,0.881864070892334
GGCGACTAGTGTACGG,C2,Cnan,0.30849453806877136
GTGCATACAAGTTCTG,C3,C3.0,0.8575038313865662
GGACAAGTCACTATTC,C0,C1.0,0.15444906055927277
GTCATTTTCCAGATCA,C1,C2.0,0.058822717517614365
GTACGTAAGCAGATCG,C0,C1.0,0.24917863309383392
GGGAATGCACAAGACG,C3,C3.0,0.7523526549339294
TACCTATAGATGCCTT,C0,C1.0,0.1558087021112442
GTTCTCGAGAACAACT,C2,Cnan,0.29483863711357117
GTCTTCGAGTGACATA,C0,C1.0,0.08512629568576813
GTGGGTCTCCCAAGTA,C2,Cnan,0.27210408449172974
TATCTCACATGTAGTC,C0,C1.0,0.21820476651191711
GGTGCGTCAAACGTGG,C3,C3.0,0.6220763921737671
TACTCGCTCTCTGAGA,C4,C3.0,0.6845988631248474
GTACTCCAGCCTTGAT,C0,C1.0,0.35971352458000183
TAGAGCTGTTATCGGT,C1,C2.0,0.09467856585979462
TACGGATCAACTTGAC,C2,Cnan,0.5002478957176208
GTACGTAAGGCATGGT,C2,Cnan,0.17753730714321136
GTAACTGAGCCAGGAT,C4,C3.0,0.6278303861618042
GTTACAGAGTTGTCGT,C2,Cnan,0.29684579372406006
GTGTGCGGTGCTAGCC,C0,C1.0,0.06296094506978989
GTCCTCAGTAGGCTGA,C0,C1.0,0.26853397488594055
TCAGCAATCTACCAGA,C2,Cnan,0.4138607680797577
GTGTGCGAGAGACTAT,C1,C2.0,0.12955674529075623
GTACTTTCATATGCTG,C2,Cnan,0.20548437535762787
TAAACCGCAGGACGTA,C3,C3.0,0.89186692237854
GGGTTGCAGTGTGGCA,C2,Cnan,0.4910247325897217
GGGAATGAGAGGTACC,C2,Cnan,0.15108546614646912
GTGCTTCTCACTGGGC,C0,C1.0,0.29283806681632996
GTTCTCGAGCTTCGCG,C2,Cnan,0.26657530665397644
TATTACCAGCGATATA,C3,C3.0,0.9196335077285767
GCGCGATAGAATCTCC,C2,Cnan,0.2671092450618744
TCAGGATGTTAGGGTG,C3,C3.0,0.7161657810211182
GGCTCGAAGCGTTTAC,C3,C3.0,0.835487961769104
GGGAATGAGGTGATAT,C0,C1.0,0.3662056624889374
TAAGTGCTCGGAATCT,C0,C1.0,0.21562723815441132
TACCTATTCTTGACGA,C1,C2.0,0.0550406388938427
GTAACGTGTAGCGCTC,C0,C1.0,0.26292166113853455
TACTCATCATCGGGTC,C2,Cnan,0.5045638084411621
GGCTGGTCAATCGAAA,C1,C2.0,0.1440379023551941
TACTCGCTCAGGTAAA,C1,C2.0,0.061557453125715256
GGACAGAGTTAGAACA,C3,C3.0,0.813204288482666
GGCAATTAGCCGCCTA,C3,C3.0,0.8130523562431335
TCAGGATGTTACGACT,C0,C1.0,0.14614072442054749
GGACAAGCATACTCTT,C3,C3.0,0.6448115706443787
GTGTGCGGTCCCGACA,C1,C2.0,0.09123768657445908
GTCTTCGTCCCAAGTA,C3,C3.0,0.8190698623657227
TATTACCTCTAGAGTC,C3,C3.0,0.7256848216056824
GGGAATGGTGGCAAAC,C0,C1.0,0.16809043288230896
GCGCGATCATCCAACA,C0,C1.0,0.241470068693161
TCACAAGGTTGTGGCC,C4,C3.0,0.1433313488960266
GGGATGATCTGCAAGT,C1,C2.0,0.09431113302707672
GGGACCTTCAGCCTAA,C4,C3.0,0.9096432328224182
GGAAAGCGTGGCCCTA,C0,C1.0,0.15774698555469513
GCTTGAACAGATGAGC,C2,Cnan,0.28612643480300903
TACCTATCACCACCAG,C2,Cnan,0.725141167640686
GGGTCTGGTTGGACCC,C0,C1.0,0.20918700098991394
GTACTTTTCACGCATA,C3,C3.0,0.8644165992736816
GTACTTTTCCCACTTG,C1,C2.0,0.11416225135326385
TACTTGTGTAAGCACG,C0,C1.0,0.15749269723892212
GTCGTAAGTCAACATC,C4,C3.0,0.8737929463386536
GGTGAAGAGAGTTGGC,C3,C3.0,0.8232622146606445
GGGTCTGTCATCGCTC,C0,C1.0,0.18922662734985352
GTATTCTAGAATCTCC,C4,C3.0,0.8164566159248352
TCAACGATCTATCGCC,C2,Cnan,0.11715436726808548
TAGACCATCAAGCCTA,C0,C1.0,0.2854013442993164
TAAGTGCCACCCATTC,C2,Cnan,0.5884497165679932
GTAACGTCAGACGCTC,C0,C1.0,0.17556904256343842
GCGGGTTAGCAGATCG,C0,C1.0,0.198609858751297
GGACAGAAGCGTTTAC,C1,C2.0,0.09398479014635086
GGGCACTCAAGCGCTC,C0,C1.0,0.2194153368473053
GTCACGGCACCGATAT,C4,C3.0,0.36790046095848083
GGGAATGCACTGTGTA,C0,C1.0,0.2135505974292755
GTCACGGAGCGAAGGG,C2,Cnan,0.21526281535625458
TACAGTGCAGGACGTA,C4,C3.0,0.8618898987770081
TAGTTGGTCGCGTAGC,C1,C2.0,0.05160672217607498
TATCTCACACGGTTTA,C4,C3.0,0.6639226675033569
TACGGGCGTGCACCAC,C2,Cnan,0.24448150396347046
TAGTGGTCAGGTTTCA,C0,C1.0,0.12930706143379211
TCACAAGAGTTTCCTT,C3,C3.0,0.7840386033058167
GTGTGCGCAATGTTGC,C1,C2.0,0.08799266070127487
GCTGGGTAGCGCTTAT,C2,Cnan,0.48803073167800903
GTGCAGCAGACAGGCT,C2,Cnan,0.3518020808696747
TAGAGCTCAATGAAAC,C1,C2.0,0.06499720364809036
GCTTGAAAGCGCTCCA,C0,C1.0,0.18023128807544708
TCAGGATCACATCCAA,C0,C1.0,0.3492836654186249
GGAAAGCAGGTGACCA,C4,C3.0,0.8134886026382446
GGTATTGTCACTTACT,C1,C2.0,0.05342649295926094
GTCATTTAGAGCCCAA,C0,C1.0,0.21109995245933533
GCGCCAAGTGCAACGA,C2,Cnan,0.2760535180568695
GTGAAGGCAGTCGATT,C0,C1.0,0.13025657832622528
GTTTCTAGTTCAGGCC,C4,C3.0,0.8609568476676941
GGGTCTGCACTGTCGG,C2,Cnan,0.3886241912841797
GGGTCTGGTGTGACCC,C2,Cnan,0.24358661472797394
GGAATAAAGAGGTACC,C1,C2.0,0.06542208045721054
GGACATTAGAAGGCCT,C2,Cnan,0.40859857201576233
TACGGATTCAGAGACG,C0,C1.0,0.23053531348705292
TAGTTGGTCCAAGCCG,C0,C1.0,0.15663617849349976
GCGGGTTTCAGGATCT,C0,C1.0,0.07490623742341995
TTAGGCAAGGACGAAA,C2,Cnan,0.2986912429332733
TTTACTGAGCATGGCA,C1,C2.0,0.13777011632919312
TTCCCAGTCTCTTGAT,C0,C1.0,0.40283021330833435
TGTCCCAAGTGAACAT,C0,C1.0,0.1548505276441574
TTCGAAGGTAGCGCAA,C4,C3.0,0.7970302700996399
TCATTACAGGAATTAC,C0,C1.0,0.22354820370674133
TGCGGGTAGCCCAGCT,C1,C2.0,0.13835713267326355
TCATTTGTCAAAGTAG,C1,C2.0,0.2432013601064682
TGGCCAGGTTGCCTCT,C0,C1.0,0.20146799087524414
TCGTACCAGACCGGAT,C3,C3.0,0.6068405508995056
TCGCGAGCATCGGTTA,C0,C1.0,0.35144951939582825
TGCCCATGTTGAACTC,C3,C3.0,0.7375532388687134
TGAGGGAGTGATAAGT,C2,Cnan,0.2888284921646118
TTCTACAAGAGCTTCT,C4,C3.0,0.8558598160743713
TGCGCAGAGAGAACAG,C2,Cnan,0.40791213512420654
TTGACTTCATGCCACG,C4,C3.0,0.9131569862365723
TGGACGCTCAGTCAGT,C1,C2.0,0.06383783370256424
TCGCGAGAGCTGTTCA,C2,Cnan,0.41426271200180054
TGGGAAGAGAAACGAG,C2,Cnan,0.23931299149990082
TGGTTAGCATTCTCAT,C0,C1.0,0.08686995506286621
TCCCGATCAGCGAACA,C2,Cnan,0.5180116891860962
TTGACTTAGTTTGCGT,C3,C3.0,0.6772977113723755
TCTTCGGTCTCTTATG,C4,C3.0,0.8720646500587463
TCTTCGGCACATGTGT,C4,C3.0,0.7330273985862732
TTAGGCAAGAGCTGGT,C3,C3.0,0.7652799487113953
TCGCGTTCAGTAAGAT,C3,C3.0,0.8421602249145508
TGCGGGTCACAGCGTC,C2,Cnan,0.15474414825439453
TTAACTCAGTTTGCGT,C0,C1.0,0.20995260775089264
TTTGCGCCACACAGAG,C4,C3.0,0.7414208650588989
TCATTACCAGGATCGA,C3,C3.0,0.7769889235496521
TGGTTCCAGTGGGTTG,C3,C3.0,0.8887309432029724
TTAACTCTCATGCAAC,C0,C1.0,0.257504403591156
TTGGAACCAAGTTCTG,C0,C1.0,0.29881876707077026
TGACTTTAGGAACTGC,C4,C3.0,0.5403368473052979
TCGAGGCAGGGTGTTG,C3,C3.0,0.8343486189842224
TCAGGTATCTACTATC,C4,C3.0,0.68385910987854
TTGCCGTCATACGCTA,C4,C3.0,0.8959870934486389
TCTGAGAGTGACTCAT,C3,C3.0,0.7068409323692322
TGTGTTTGTCGTCTTC,C1,C2.0,0.07847070693969727
TGAAAGACACTAAGTC,C0,C1.0,0.2106931209564209
TGAGGGATCACGACTA,C0,C1.0,0.18498967587947845
TTCTCCTTCGGATGGA,C2,Cnan,0.2704799771308899
TTTATGCAGATATACG,C0,C1.0,0.25503015518188477
TTGGAACTCTGAGTGT,C1,C2.0,0.04868004098534584
TTGCCGTCATGAGCGA,C2,Cnan,0.3249601125717163
TGCTACCCAGTTAACC,C1,C2.0,0.08926767110824585
TGACTTTGTGATGCCC,C2,Cnan,0.2172146886587143
TGGCTGGCAAACAACA,C3,C3.0,0.9184508919715881
TCGGGACCATCGGAAG,C0,C1.0,0.2403395026922226
TTCTACATCTCGTTTA,C1,C2.0,0.09671232849359512
TGTATTCTCGGCTACG,C1,C2.0,0.0504266656935215
TTTACTGCATTTCAGG,C1,C2.0,0.14678923785686493
TGTGTTTTCGTGGACC,C1,C2.0,0.05965489521622658
TGACAACCATGGATGG,C2,Cnan,0.0
TGAGAGGAGTCAAGGC,C2,Cnan,0.2641688287258148
TTGTAGGTCCAGATCA,C3,C3.0,0.8190472722053528
TGCACCTTCTGGGCCA,C1,C2.0,0.08756726235151291
TTAGTTCCATGTTCCC,C2,Cnan,0.5145205855369568
TGCGTGGTCATGCATG,C3,C3.0,0.6964893937110901
TCGCGTTGTCTCCATC,C2,Cnan,0.3848998546600342
TGTGTTTTCTCAAACG,C1,C2.0,0.19304679334163666
TTATGCTGTTTGCATG,C4,C3.0,0.5971404910087585
TCGAGGCAGGTTCCTA,C3,C3.0,0.5697550773620605
TCGCGAGAGGCTCATT,C2,Cnan,0.7874325513839722
TTGCGTCGTGATGATA,C4,C3.0,0.7987999320030212
TGCGTGGTCACCCGAG,C0,C1.0,0.1613357961177826
TCATTACGTATGCTTG,C2,Cnan,0.23949134349822998
TGATTTCAGGAACTGC,C1,C2.0,0.05984524264931679
TGCGCAGCATAGTAAG,C4,C3.0,0.8609514236450195
TCGGGACTCTCGGACG,C3,C3.0,0.8144515752792358
TCTGGAAAGCCAACAG,C3,C3.0,0.7914804220199585
TTTATGCTCTATCGCC,C1,C2.0,0.12985116243362427
TGCTGCTAGGCACATG,C0,C1.0,0.21303363144397736
TCATTACAGTTTGCGT,C4,C3.0,0.7434872984886169
TCATTTGGTATAGGGC,C1,C2.0,0.07304777950048447
TGCTGCTCAACACGCC,C3,C3.0,0.8145337104797363
TGAGGGAGTCAATGTC,C0,C1.0,0.14491572976112366
TCGGTAAAGATGAGAG,C0,C1.0,0.29537075757980347
TGCCAAATCTACTCAT,C0,C1.0,0.3472897708415985
TCGGGACTCGGTCCGA,C4,C3.0,0.9575152397155762
TGTATTCAGACACGAC,C0,C1.0,0.23625580966472626
TTTATGCTCCCAACGG,C1,C2.0,0.06522402912378311
AACTCTTCACAGAGGT,C4,C3.0,0.8620995879173279
ACATGGTCAACACGCC,C2,Cnan,0.7213518619537354
AGTGAGGTCAGCGACC,C2,Cnan,0.4412440359592438
AACTCAGTCAGAGGTG,C0,C1.0,0.35885459184646606
AGTGGGAGTCGTTGTA,C4,C3.0,0.8007967472076416
ACTTACTCATCCCACT,C2,Cnan,0.6464769244194031
ACAGCCGTCCAAATGC,C3,C3.0,0.8994976282119751
ACTTACTTCCAGATCA,C0,C1.0,0.19377446174621582
AAAGTAGAGAGAACAG,C0,C1.0,0.06578881293535233
ACGGGCTAGGAGTACC,C2,Cnan,0.7018078565597534
ACTGATGAGTATGACA,C1,C2.0,0.08263149857521057
AGCAGCCAGCTAACTC,C3,C3.0,0.8811320066452026
ACGATGTGTGAGGCTA,C2,Cnan,0.18202798068523407
AGATCTGTCACGGTTA,C2,Cnan,0.16972140967845917
CAACTAGCACCCAGTG,C4,C3.0,0.5846886038780212
AAGCCGCGTCGCGTGT,C2,Cnan,0.30032676458358765
AGAGTGGAGTGTGGCA,C3,C3.0,0.4579757750034332
AGCCTAATCAAAGTAG,C3,C3.0,0.7589307427406311
ATAGACCAGGAGTCTG,C4,C3.0,0.7339591979980469
ACCCACTAGGGATGGG,C4,C3.0,0.78975510597229
AGCGTCGAGGTGTTAA,C1,C2.0,0.064904123544693
ATGGGAGAGGCAAAGA,C4,C3.0,0.8886865973472595
ACGGAGACATCTCGCT,C1,C2.0,0.09097696840763092
AGGGATGTCCGTTGTC,C0,C1.0,0.1479455530643463
AACTCTTAGCCGATTT,C0,C1.0,0.07883372157812119
AGTGTCACATGTTGAC,C1,C2.0,0.06601709127426147
AAATGCCTCTCAACTT,C3,C3.0,0.6581642627716064
ATTACTCAGTACCGGA,C1,C2.0,0.07207663357257843
AAGGAGCAGGTAGCCA,C2,Cnan,0.22161071002483368
AGCAGCCTCCACGAAT,C4,C3.0,0.81850665807724
ACTATCTCAGCCACCA,C0,C1.0,0.36264336109161377
CAACTAGTCGAGGTAG,C3,C3.0,0.8756996989250183
ACTGAACAGTCGTTTG,C2,Cnan,0.28602832555770874
ACTATCTTCATCGCTC,C4,C3.0,0.6732475757598877
ACGTCAACACTGTCGG,C0,C1.0,0.38464632630348206
AAAGATGAGCGATAGC,C0,C1.0,0.3832758665084839
AGTGGGATCAGCTCTC,C0,C1.0,0.3218982219696045
ACTGTCCTCTTGCCGT,C3,C3.0,0.8783608675003052
ACCAGTATCGGTCCGA,C2,Cnan,0.13912734389305115
ATAACGCTCAACGGGA,C0,C1.0,0.35518908500671387
ACACCCTGTAAGGGAA,C1,C2.0,0.1291627436876297
AACTTTCGTTAGAACA,C2,Cnan,0.20055527985095978
AAGTCTGGTATGAATG,C1,C2.0,0.08273294568061829
AGCCTAAAGCTCAACT,C3,C3.0,0.7766478061676025
AAACGGGGTTGTACAC,C1,C2.0,0.038002859801054
ACACCGGTCGTCACGG,C0,C1.0,0.1709715574979782
AGGGAGTCAAACGCGA,C1,C2.0,0.09777584671974182
ATCGAGTTCAGGTTCA,C2,Cnan,0.3573336601257324
AAGGAGCAGAGTAATC,C1,C2.0,0.13459353148937225
ACGCCGACAAACGTGG,C1,C2.0,0.15511782467365265
ATGAGGGAGGGATACC,C3,C3.0,0.7673490047454834
ACTTACTAGTGCGTGA,C1,C2.0,0.1060827225446701
ATTTCTGTCGCCGTGA,C1,C2.0,0.06407462060451508
ACAGCCGCAAAGCAAT,C4,C3.0,0.932774007320404
ACCGTAAGTGCAGGTA,C0,C1.0,0.1306312084197998
AATCCAGAGCAGCGTA,C2,Cnan,0.3131796419620514
AGCAGCCTCTGTCTAT,C3,C3.0,0.872674822807312
AGCCTAACAGTTAACC,C1,C2.0,0.0766168013215065
ATCCGAATCCGTAGTA,C3,C3.0,0.9136238694190979
ATCGAGTCACCCAGTG,C3,C3.0,0.7353461980819702
AGAGCGACAGCGTTCG,C0,C1.0,0.25624731183052063
AAGGCAGAGCTGCGAA,C4,C3.0,0.8576928377151489
AACCATGGTCTAGCGC,C3,C3.0,0.641752302646637
ACTGTCCCAGGCGATA,C1,C2.0,0.10716071724891663
ACTGCTCAGCCGCCTA,C2,Cnan,0.43263059854507446
ACGCCGATCCCATTTA,C1,C2.0,0.10755536705255508
AGGTCCGTCTATCGCC,C0,C1.0,0.2943095862865448
ACGAGGAGTAGAAGGA,C4,C3.0,0.5809668898582458
ATGTGTGTCGAGAGCA,C4,C3.0,0.7157663702964783
AAACGGGTCCAAATGC,C4,C3.0,0.19343438744544983
AGCTCCTAGTGGGCTA,C3,C3.0,0.7854254245758057
AACACGTTCACAGGCC,C1,C2.0,0.06679722666740417
ATCTACTGTCTTCTCG,C0,C1.0,0.3024860620498657
ATCATGGCAACACCTA,C2,Cnan,0.1356182098388672
AAACGGGAGCGACGTA,C1,C2.0,0.1959933489561081
ACCAGTACAAGCGATG,C0,C1.0,0.1704859882593155
AACTGGTCATGCTAGT,C2,Cnan,0.1379651129245758
AGTGAGGCAATCCGAT,C1,C2.0,0.09832850098609924
ACACTGAGTTCCCGAG,C2,Cnan,0.2820858955383301
ACATCAGCATAGTAAG,C4,C3.0,0.8763587474822998
AACACGTAGCGTTGCC,C1,C2.0,0.22042939066886902
AATCGGTCATTAGCCA,C2,Cnan,0.3037623465061188
AGGGTGAGTACATCCA,C1,C2.0,0.09011761844158173
AAGGCAGAGACAGACC,C0,C1.0,0.17401187121868134
ATTATCCCAGGTTTCA,C4,C3.0,0.8980343341827393
CAACCTCAGAGACGAA,C0,C1.0,0.32997986674308777
AGCGTATCATGTCTCC,C3,C3.0,0.7755128145217896
ACACTGAGTTACCAGT,C0,C1.0,0.16889216005802155
ACGCCGACAATCACAC,C1,C2.0,0.06409559398889542
AGCCTAAAGTCATGCT,C4,C3.0,0.9446871876716614
ATCATGGAGGGATGGG,C0,C1.0,0.19413192570209503
ATGCGATAGTGTTAGA,C0,C1.0,0.20973312854766846
AGGTCCGGTGTCCTCT,C2,Cnan,0.33573856949806213
AGATCTGGTACCGAGA,C1,C2.0,0.1300460696220398
AAATGCCTCCAGTAGT,C1,C2.0,0.05398929864168167
AGATTGCTCTGTACGA,C2,Cnan,0.13683545589447021
ATCTACTAGTGTACGG,C3,C3.0,0.8078163266181946
ATTGGTGAGTACGTTC,C4,C3.0,0.8415932655334473
ACGAGCCTCACGCATA,C2,Cnan,0.3613850772380829
AGTGTCACAAGCTGGA,C1,C2.0,0.19188247621059418
CGCGGTATCAAGGTAA,C1,C2.0,0.13520757853984833
CAGCGACAGACATAAC,C1,C2.0,0.24141572415828705
CCTTACGCACAGAGGT,C3,C3.0,0.7849506139755249
CCAGCGAAGATACACA,C0,C1.0,0.33714157342910767
CGGGTCAGTTCAACCA,C3,C3.0,0.8995203971862793
CCTCAGTGTGCAACTT,C4,C3.0,0.8027010560035706
CATTCGCTCGAGAGCA,C4,C3.0,0.899865448474884
CGATGTATCCATGAGT,C4,C3.0,0.923763632774353
CATCGGGGTATAATGG,C1,C2.0,0.09732195734977722
CGAGCCATCTGAAAGA,C1,C2.0,0.07600773870944977
CACATAGCACGTCTCT,C4,C3.0,0.9157775044441223
CCATGTCGTGTGGCTC,C4,C3.0,0.9173253178596497
CGCCAAGGTTCACCTC,C0,C1.0,0.38084402680397034
CCACTACGTTCTGTTT,C1,C2.0,0.11378847062587738
CACACAAGTCTCTTAT,C1,C2.0,0.07204894721508026
CGTAGCGTCATTGCCC,C2,Cnan,0.3614217936992645
CAGCTAATCACGACTA,C0,C1.0,0.3074142336845398
CCCAATCCAGTAACGG,C2,Cnan,0.4680030047893524
CACAAACGTAGCGTCC,C0,C1.0,0.12971803545951843
CGACCTTCACAAGTAA,C3,C3.0,0.6215580701828003
CACCTTGAGATAGTCA,C4,C3.0,0.7892240881919861
CACCACTTCAGTCAGT,C4,C3.0,0.7747505903244019
CCGGTAGTCATGGTCA,C1,C2.0,0.0840354636311531
CGATGGCTCCGTTGTC,C0,C1.0,0.3845313787460327
CCCAGTTAGCGGATCA,C4,C3.0,0.6856259703636169
CGGACACTCATAGCAC,C4,C3.0,0.8079314231872559
CCTTCCCGTGACGGTA,C0,C1.0,0.21963459253311157
CATGACATCGGCTTGG,C3,C3.0,0.8443172574043274
CAGCTAATCACCCGAG,C1,C2.0,0.13777635991573334
CGTCAGGCATGGGACA,C3,C3.0,0.7454552054405212
CCCAATCCAAGTACCT,C1,C2.0,0.06753933429718018
CCCAGTTCAGGTCTCG,C1,C2.0,0.10192916542291641
CGCTTCATCCGAAGAG,C2,Cnan,0.3140723705291748
CCACTACCACATGTGT,C3,C3.0,0.9022347927093506
CACTCCAAGATGTAAC,C1,C2.0,0.08756566047668457
CGAATGTTCGCTTAGA,C1,C2.0,0.06149027496576309
CATGCCTCACCCATTC,C1,C2.0,0.11842232942581177
CACAGTAGTTTAGCTG,C1,C2.0,0.12721844017505646
CATGCCTTCTGAAAGA,C1,C2.0,0.11768102645874023
CATCGAAGTCCTCCAT,C4,C3.0,0.9556528329849243
CAGAGAGCACCACGTG,C4,C3.0,0.8891792297363281
CCGTACTAGTGAACGC,C0,C1.0,0.1700403392314911
CCTAGCTAGGCATTGG,C1,C2.0,0.10021653026342392
CGGTTAAGTTATGCGT,C3,C3.0,0.5954212546348572
CCATGTCCAATCACAC,C2,Cnan,0.3196456730365753
CCGTACTAGTATCTCG,C1,C2.0,0.0853099599480629
CATCCACTCAGGTAAA,C2,Cnan,0.21227873861789703
CCGTACTCATTAGCCA,C0,C1.0,0.1607532501220703
CCTTCCCTCAAACCGT,C1,C2.0,0.10980763286352158
CGGACACGTGCAGTAG,C2,Cnan,0.25818783044815063
CGACCTTGTATCTGCA,C3,C3.0,0.9391277432441711
CCACTACAGCCACGCT,C1,C2.0,0.07258971035480499
CGCTTCACATAACCTG,C0,C1.0,0.11621580272912979
CATGCCTAGAAGGGTA,C1,C2.0,0.07979898154735565
CAGTCCTTCACTTACT,C2,Cnan,0.18935905396938324
CAAGATCTCAGTCAGT,C0,C1.0,0.16807708144187927
CAGAGAGGTACGCACC,C0,C1.0,0.17830729484558105
CACACCTGTCGCTTTC,C1,C2.0,0.07952834665775299
CCTTCGAAGTGCCAGA,C2,Cnan,0.2446780502796173
CGGAGTCAGAGTACCG,C3,C3.0,0.8936151266098022
CCTTACGCAGCTGTGC,C1,C2.0,0.09823095053434372
CGGACTGCAGTATCTG,C1,C2.0,0.11624288558959961
CGGCTAGCACGTCAGC,C2,Cnan,0.4104396402835846
CAACTAGTCTGGAGCC,C4,C3.0,0.4695034623146057
CGGACACTCTGATACG,C0,C1.0,0.40849652886390686
CGATTGATCGTCTGCT,C2,Cnan,0.22611021995544434
CCAATCCTCGCAAACT,C1,C2.0,0.1706324815750122
CGGGTCAGTGTGACCC,C0,C1.0,0.36980485916137695
CAGAATCAGGACAGCT,C1,C2.0,0.04950140789151192
CACAAACGTCAGCTAT,C3,C3.0,0.9067144989967346
CGATGTAGTCAGGACA,C2,Cnan,0.3028624951839447
CGGAGCTAGAACTCGG,C4,C3.0,0.889811635017395
CAGCTGGAGGACAGAA,C2,Cnan,0.3567875325679779
CGAGCACTCAGCCTAA,C0,C1.0,0.1454836130142212
CATGGCGAGTGGTCCC,C2,Cnan,0.2637638747692108
CCTCAGTGTACGAAAT,C1,C2.0,0.0671607106924057
CCTCAGTTCTCATTCA,C3,C3.0,0.7631403207778931
CGTCCATCATCCTTGC,C1,C2.0,0.097623810172081
CGTCTACCAATCCGAT,C4,C3.0,0.3438155949115753
CGGACACGTCAAAGAT,C4,C3.0,0.9253772497177124
CGGGTCAAGAAACGCC,C0,C1.0,0.11343711614608765
CCTAGCTGTCTCCACT,C2,Cnan,0.43451470136642456
CGGACGTTCAGTCCCT,C3,C3.0,0.9036620259284973
CGCTGGAGTACACCGC,C4,C3.0,0.8193820118904114
CGCTGGACACTCAGGC,C3,C3.0,0.8505688905715942
CGGACACCACTGTTAG,C0,C1.0,0.39565280079841614
CACAGGCCATGACGGA,C2,Cnan,0.07000427693128586
CGAACATCAAGTACCT,C1,C2.0,0.07985704392194748
CATTCGCGTTGTACAC,C1,C2.0,0.10480563342571259
CGAACATGTAAATGTG,C0,C1.0,0.2965719699859619
CGAGCACTCGGTGTTA,C2,Cnan,0.5565447807312012
CGACTTCCAACGATCT,C0,C1.0,0.22939243912696838
CAAGGCCGTTCAGGCC,C3,C3.0,0.6801785826683044
CCTACCAAGGGCACTA,C4,C3.0,0.8543424606323242
CACAGGCCACTTACGA,C2,Cnan,0.6004950404167175
CGATGTAGTAGGACAC,C1,C2.0,0.04713067412376404
CGATGTAAGTCGTTTG,C4,C3.0,0.810806393623352
CACACTCTCGTTGCCT,C0,C1.0,0.17956407368183136
CCTTTCTTCTCAAACG,C2,Cnan,0.4581907093524933
GACAGAGAGAATTGTG,C3,C3.0,0.7155989408493042
GACTGCGAGATCGATA,C0,C1.0,0.2468559443950653
CTTCTCTCATGGATGG,C2,Cnan,0.47936850786209106
CGTCTACGTTTAAGCC,C0,C1.0,0.11212557554244995
CTGTGCTAGTCAAGGC,C1,C2.0,0.09517306834459305
GCATACATCCTTTACA,C2,Cnan,0.4412991404533386
GCACTCTGTGTGAAAT,C4,C3.0,0.9651086926460266
CTTGGCTAGCTCCCAG,C1,C2.0,0.07161758095026016
CTCTACGAGCTAACAA,C4,C3.0,0.8631420731544495
CTGCCTAGTCTGGTCG,C0,C1.0,0.27094829082489014
CTTTGCGAGAAGGCCT,C0,C1.0,0.40761327743530273
GCCAAATTCATGCAAC,C0,C1.0,0.23593124747276306
CTACCCACACCTTGTC,C0,C1.0,0.26828303933143616
CTACGTCGTAAGTGTA,C2,Cnan,0.2993759512901306
GCCTCTACAATCTACG,C4,C3.0,0.978514552116394
GAACATCTCATAGCAC,C4,C3.0,0.8428266644477844
CTGAAACTCCTTGCCA,C2,Cnan,0.4156992435455322
GCAGCCAAGCGTCTAT,C0,C1.0,0.13168588280677795
CTGCTGTTCACGAAGG,C1,C2.0,0.08334901928901672
GATCGCGGTAGCACGA,C0,C1.0,0.21063567698001862
GATTCAGTCAGTTAGC,C3,C3.0,0.5262777209281921
CTCTAATTCTCTTATG,C0,C1.0,0.134020134806633
CTTCTCTCATTCGACA,C2,Cnan,0.2752523720264435
CTCGGAGAGTGCCATT,C1,C2.0,0.07223755121231079
GCAAACTTCTGGTATG,C3,C3.0,0.8220508694648743
CTAGAGTCACGCTTTC,C3,C3.0,0.8199566602706909
GATGCTAAGTAGCGGT,C0,C1.0,0.13164104521274567
GATTCAGTCACAAACC,C4,C3.0,0.9057106971740723
CTAAGACGTGAGCGAT,C3,C3.0,0.93183833360672
CTTTGCGGTATAGTAG,C3,C3.0,0.7222809195518494
GCAGTTACAGATGGCA,C0,C1.0,0.21631810069084167
CTACCCATCCTTAATC,C2,Cnan,0.23807977139949799
CTCGTACCAATAAGCA,C1,C2.0,0.08791372925043106
GCGACCAGTGTGAATA,C0,C1.0,0.3169654905796051
GAACGGATCTTAACCT,C1,C2.0,0.1595660001039505
GAGTCCGCAAAGTGCG,C1,C2.0,0.07696087658405304
CTTCTCTGTAAGGGAA,C0,C1.0,0.20196333527565002
GATCAGTCACCAGTTA,C1,C2.0,0.05905156582593918
CTACGTCTCCGAACGC,C3,C3.0,0.5199760794639587
GCAGCCAGTGTCTGAT,C0,C1.0,0.3166874945163727
CTTAGGAAGAAGCCCA,C0,C1.0,0.24306389689445496
CTCGTACGTTCGCTAA,C2,Cnan,0.5202887654304504
GAACATCTCATTATCC,C1,C2.0,0.06176406517624855
GAACGGAGTCACACGC,C3,C3.0,0.85833740234375
CTTACCGTCATCTGCC,C0,C1.0,0.14412322640419006
GCAGCCAGTTATCCGA,C1,C2.0,0.06612221151590347
CGTCTACGTGTAATGA,C2,Cnan,0.1796567738056183
GCGCAACCAATGACCT,C4,C3.0,0.8477284908294678
GAAGCAGGTCATCGGC,C1,C2.0,0.22109712660312653
GCGAGAATCGGTTAAC,C0,C1.0,0.23139093816280365
CTCGAGGGTGAGGCTA,C4,C3.0,0.401054710149765
CTCACACAGTTAAGTG,C1,C2.0,0.08723917603492737
GCGCAGTTCCGCGCAA,C1,C2.0,0.0913943275809288
CGTTAGACACCCAGTG,C4,C3.0,1.0
GATCAGTGTCCGTCAG,C1,C2.0,0.07268960773944855
GCATACACAAGTCATC,C1,C2.0,0.10088872909545898
CTTTGCGGTCGGATCC,C0,C1.0,0.21866317093372345
GAAGCAGAGATGCGAC,C0,C1.0,0.19463512301445007
CTGCCTATCGGAGGTA,C1,C2.0,0.06646016240119934
CTCTAATAGAGGTTAT,C4,C3.0,0.5795369148254395
GCGCAACGTCTAGCCG,C0,C1.0,0.060530323535203934
GAACATCGTTCATGGT,C1,C2.0,0.13235150277614594
CTCGAAACAAATACAG,C0,C1.0,0.23047062754631042
CTCATTATCATACGGT,C1,C2.0,0.09637817740440369
GAATGAAGTGACTACT,C1,C2.0,0.11030838638544083
CTTGGCTTCCAGGGCT,C2,Cnan,0.24718041718006134
CTTCTCTAGGCTACGA,C4,C3.0,0.9154012799263
GCAAACTTCCAATGGT,C2,Cnan,0.1594206839799881
CTACATTGTGCAGTAG,C3,C3.0,0.6330249309539795
CTTAACTTCTGCAAGT,C0,C1.0,0.17113713920116425
GCCTCTAAGGAGCGTT,C3,C3.0,0.7504786849021912
GAGGTGAGTCACTTCC,C4,C3.0,0.8891124725341797
GCGAGAACATGGGAAC,C3,C3.0,0.8072524070739746
GAATGAAAGCCTTGAT,C1,C2.0,0.0830879732966423
GCATACACAGTAAGCG,C2,Cnan,0.14964845776557922
GAGGTGAAGGCATGGT,C0,C1.0,0.27826979756355286
GATGAAACAAGTTCTG,C3,C3.0,0.7317243218421936
GAGGTGACAGCTTAAC,C0,C1.0,0.14723818004131317
CTACGTCAGAAGGTTT,C1,C2.0,0.052605267614126205
CTCTAATGTTCTGTTT,C0,C1.0,0.17943577468395233
CTTCTCTTCTTAGAGC,C4,C3.0,0.6079957485198975
GATCGTAGTCAGATAA,C2,Cnan,0.25752630829811096
GACGTGCGTCAAGCGA,C4,C3.0,0.8784766793251038
GATGAGGCACGAAAGC,C1,C2.0,0.07182719558477402
GAACATCTCTTCAACT,C2,Cnan,0.3826604187488556
CTTAGGAAGAGACTTA,C4,C3.0,0.7513204216957092
CTGTTTACACGGACAA,C0,C1.0,0.16684052348136902
GACACGCTCACGCATA,C4,C3.0,0.9405602812767029
GACGGCTAGTCAATAG,C4,C3.0,0.9634467959403992
GATCAGTTCGACGGAA,C1,C2.0,0.1263752579689026
CTCGGAGAGATCGGGT,C1,C2.0,0.12446866184473038
CGTGAGCGTTTAGGAA,C2,Cnan,0.4420768618583679
GAACGGACACTCGACG,C2,Cnan,0.4454839825630188
CTAGCCTGTTAAGAAC,C1,C2.0,0.07435663789510727
CTGGTCTGTATAATGG,C0,C1.0,0.11163675785064697
GCAGCCAAGAGACTTA,C4,C3.0,0.9283887147903442
CGTCTACGTATATGGA,C1,C2.0,0.054517507553100586
CTAGTGACAGATGGGT,C3,C3.0,0.868066132068634
CTAGAGTGTAGTAGTA,C1,C2.0,0.06356305629014969
GACGTGCGTGCTTCTC,C0,C1.0,0.3920116126537323
GTGCGGTAGAGCTTCT,C0,C1.0,0.31140458583831787
GTCTCGTTCCGCAGTG,C2,Cnan,0.509059727191925
GGTGTTATCTTAGCCC,C1,C2.0,0.09820646047592163
GTGAAGGTCTGCTTGC,C3,C3.0,0.5080937147140503
GCTCTGTAGCGCTCCA,C2,Cnan,0.22540925443172455
GGCAATTTCTCATTCA,C1,C2.0,0.11099789291620255
GTCATTTTCGTGGGAA,C1,C2.0,0.08733944594860077
TCATTTGTCCGTAGGC,C1,C2.0,0.09971116483211517
GTGTGCGCACATTAGC,C3,C3.0,0.8115870952606201
TACGGATCATGGTCAT,C1,C2.0,0.07348126173019409
TCACGAAGTCGTTGTA,C4,C3.0,0.9078346490859985
GGACAAGCAACGATGG,C4,C3.0,0.8640104532241821
GGGAGATGTGTCTGAT,C4,C3.0,0.9183815121650696
GTCACAATCGGATGTT,C3,C3.0,0.8692026734352112
GCTCTGTGTAGAAGGA,C2,Cnan,0.4130435585975647
GGAATAAAGCTGAACG,C1,C2.0,0.04858865588903427
GGTATTGTCGCGGATC,C3,C3.0,0.6379055380821228
GGACGTCCAAATTGCC,C2,Cnan,0.25578078627586365
TCAGGATCACGGTAAG,C3,C3.0,0.8665990233421326
GTAACGTAGTGTACTC,C0,C1.0,0.18480192124843597
GTACTCCAGTAGATGT,C1,C2.0,0.10771280527114868
TACGGATAGGTTACCT,C0,C1.0,0.19042474031448364
TATTACCAGACTGGGT,C0,C1.0,0.16479302942752838
TAGCCGGGTCGACTGC,C4,C3.0,0.5946768522262573
TAAGTGCTCGCACTCT,C4,C3.0,0.51935875415802
GTAGTCACAGGGCATA,C2,Cnan,0.1570582389831543
GTGTTAGAGCTAGGCA,C3,C3.0,0.7326459288597107
GTGCAGCAGGGATCTG,C4,C3.0,0.8128306269645691
GGGAATGCACCTTGTC,C1,C2.0,0.11098181456327438
TACTCGCGTGAGGGAG,C3,C3.0,0.7473308444023132
TACCTTAAGCCAACAG,C0,C1.0,0.13232165575027466
TAGAGCTGTAGGCATG,C0,C1.0,0.3709670603275299
GGCTCGACACGGCCAT,C1,C2.0,0.08943324536085129
GTAACTGGTGATAAAC,C1,C2.0,0.04467588663101196
GTCGTAACATCTGGTA,C2,Cnan,0.16086922585964203
GGCCGATTCGTTACGA,C1,C2.0,0.09594310075044632
TAAGAGATCGTTGCCT,C2,Cnan,0.4385325610637665
TAAGTGCAGGTTACCT,C2,Cnan,0.23076678812503815
GCTCTGTGTTCTCATT,C1,C2.0,0.09574057906866074
TCAGGATGTTTCCACC,C4,C3.0,0.9242572784423828
TACAGTGTCTCGGACG,C3,C3.0,0.928298830986023
GTCGGGTTCGTCCGTT,C3,C3.0,0.9143720865249634
GTGAAGGTCAGCTCTC,C3,C3.0,0.8666539192199707
GGCGACTCAGTTCCCT,C3,C3.0,0.8265922665596008
TCAATCTTCCCTTGCA,C1,C2.0,0.11464189738035202
GTTCGGGCATATGGTC,C0,C1.0,0.251506507396698
GGCCGATAGATGCCAG,C1,C2.0,0.08083880692720413
TACCTTAGTGCGATAG,C2,Cnan,0.7535867691040039
TAAACCGAGCTTATCG,C0,C1.0,0.2893075942993164
GTTAAGCAGGGTTCCC,C1,C2.0,0.09371288120746613
TCATTTGAGCTCCCAG,C0,C1.0,0.1238369420170784
GTGTGCGAGCTACCTA,C4,C3.0,0.6764532327651978
TACTTGTAGTGCCATT,C0,C1.0,0.245987668633461
GGATGTTCACGGTAAG,C1,C2.0,0.11269406974315643
GGTGAAGTCGCCCTTA,C3,C3.0,0.7656024694442749
GTTCATTTCTTACCGC,C3,C3.0,0.9247852563858032
GGGAGATGTAGGACAC,C4,C3.0,0.8518368601799011
TACTTGTTCTCAACTT,C2,Cnan,0.2161889672279358
GTGTTAGCACTCAGGC,C1,C2.0,0.1488603800535202
GCTGGGTCAGATGGGT,C3,C3.0,0.7667180895805359
GGACAAGTCCTTGCCA,C3,C3.0,0.807780385017395
GGTGCGTCATGGGAAC,C0,C1.0,0.3316395878791809
GTTTCTACATTTCACT,C3,C3.0,0.8848907947540283
GGTGAAGGTGAAGGCT,C1,C2.0,0.13513362407684326
GTTTCTATCAGTACGT,C0,C1.0,0.17404261231422424
GTGAAGGAGCAGGTCA,C0,C1.0,0.22060281038284302
TACTCGCAGTGCCATT,C1,C2.0,0.07907168567180634
GGTGAAGAGACAATAC,C0,C1.0,0.23233076930046082
GGGACCTAGCGTAGTG,C0,C1.0,0.21194566786289215
TAGTGGTCAGCTCGAC,C2,Cnan,0.21426548063755035
GTGCGGTGTCGAACAG,C0,C1.0,0.2619113028049469
GGAGCAATCTTAACCT,C4,C3.0,0.7708349823951721
TACTCATGTAAGGGAA,C1,C2.0,0.1501438468694687
GTACTTTTCGTCCGTT,C0,C1.0,0.3937421143054962
GCGCGATAGGGAAACA,C3,C3.0,0.5908272862434387
GGGCATCCAAGTACCT,C0,C1.0,0.24613414704799652
GTACTCCCATCGGAAG,C0,C1.0,0.12050677090883255
GGGAGATCACAACGCC,C0,C1.0,0.14262087643146515
GTGTGCGTCAAACAAG,C3,C3.0,0.9319026470184326
GTTCTCGTCTCGGACG,C3,C3.0,0.8263188600540161
GTCCTCAAGACAGACC,C3,C3.0,0.7646994590759277
GTCACAACACATGTGT,C2,Cnan,0.7722100615501404
GTGCTTCAGTTAAGTG,C2,Cnan,0.16689515113830566
GTATCTTGTACTTCTT,C2,Cnan,0.2005566507577896
TACTTACCACATGACT,C4,C3.0,0.9406402111053467
GTCGGGTAGGGTGTTG,C0,C1.0,0.10750971734523773
TAGTTGGCACGTAAGG,C2,Cnan,0.38358816504478455
GTAGGCCCAGCTTAAC,C4,C3.0,0.7652972936630249
TACTTGTGTCGGGTCT,C1,C2.0,0.04920312762260437
GGATGTTAGTCGTACT,C2,Cnan,0.13436642289161682
TAGGCATGTCCAGTTA,C0,C1.0,0.3351297378540039
TACACGAAGTCGATAA,C3,C3.0,0.7793590426445007
TAGTTGGCAAATACAG,C1,C2.0,0.11438371986150742
TCATTTGGTTTGGGCC,C1,C2.0,0.0647071972489357
GTGCTTCGTATCAGTC,C4,C3.0,0.8773151636123657
GCGCGATGTGCCTGCA,C0,C1.0,0.27916255593299866
TAGACCATCCCGGATG,C3,C3.0,0.631380021572113
GCGCAGTTCCTTGCCA,C4,C3.0,0.8459609150886536
TTTACTGCATCGATTG,C2,Cnan,0.3146073818206787
TCTGAGAGTACCATCA,C3,C3.0,0.6337114572525024
TGCCCTAGTGACGGTA,C2,Cnan,0.3398219645023346
TGTCCCAAGTGTACTC,C0,C1.0,0.23278701305389404
TTCGGTCGTATGAATG,C0,C1.0,0.1884492188692093
TCGGTAAAGCCACTAT,C4,C3.0,0.9460044503211975
TCGCGAGCAATGTTGC,C0,C1.0,0.15939530730247498
TCGGGACGTTAGAACA,C2,Cnan,0.1821179986000061
TGCACCTCACAGGTTT,C1,C2.0,0.16112415492534637
TCTCATACATTAACCG,C2,Cnan,0.221138596534729
TTTCCTCCAATCCAAC,C1,C2.0,0.3980250358581543
TGTGTTTTCTCGCATC,C2,Cnan,0.20796148478984833
TCTTTCCCACCACCAG,C3,C3.0,0.5481730103492737
TGCCAAAAGGATGGTC,C1,C2.0,0.422282874584198
TCGTACCCATTTGCTT,C4,C3.0,0.9378255605697632
TTCTCAACAGGTGCCT,C1,C2.0,0.20369337499141693
TTCGGTCCATGCAACT,C3,C3.0,0.7050988078117371
TCCCGATGTAGAAAGG,C1,C2.0,0.0746077224612236
TGTATTCAGGCCGAAT,C0,C1.0,0.28717800974845886
TGGTTCCAGTGTTGAA,C2,Cnan,0.2266095131635666
TGACAACTCACGGTTA,C3,C3.0,0.9325754642486572
TCTTCGGAGATGGGTC,C4,C3.0,0.8124062418937683
TGCTACCAGTACGATA,C0,C1.0,0.17938928306102753
TTTACTGTCTGAAAGA,C0,C1.0,0.3983377516269684
TGAGCCGAGCTAAGAT,C2,Cnan,0.35030707716941833
TTGCGTCAGTACCGGA,C2,Cnan,0.6092494130134583
TGCTGCTAGCGTGAAC,C4,C3.0,0.7371851801872253
TGCGCAGAGTACCGGA,C3,C3.0,0.7836604714393616
TGTATTCTCACGGTTA,C1,C2.0,0.06522675603628159
TTGAACGAGTGGTAGC,C2,Cnan,0.16834358870983124
TCTTCGGTCGTTGCCT,C3,C3.0,0.7378315329551697
TTATGCTCATGACATC,C1,C2.0,0.42759430408477783
TTAGGACCAGCCAATT,C2,Cnan,0.22035761177539825
TTCCCAGAGGCGATAC,C0,C1.0,0.21456700563430786
TTAGGACTCCCATTAT,C1,C2.0,0.06967280805110931
TGCTACCTCACAATGC,C0,C1.0,0.2284657210111618
TTCTCCTTCCTTTACA,C0,C1.0,0.3480501174926758
TGTATTCGTGGTAACG,C1,C2.0,0.05161198601126671
TTGAACGGTATCACCA,C3,C3.0,0.7709857225418091
TGAGAGGTCTACCAGA,C3,C3.0,0.851109504699707
TGGCGCACAAGGACTG,C1,C2.0,0.08496340364217758
TGACGGCTCTTAGCCC,C2,Cnan,0.40308454632759094
TGTTCCGCACCGAAAG,C3,C3.0,0.9000645875930786
TGACGGCCACCTGGTG,C2,Cnan,0.2572573721408844
TCTTTCCTCAGTCCCT,C1,C2.0,0.058453310281038284
TGTGGTACACGAGGTA,C0,C1.0,0.16970190405845642
TGCTACCGTAGCTGCC,C3,C3.0,0.7035925984382629
TGGGCGTCATGCTAGT,C1,C2.0,0.1008421927690506
TTCTCAAAGACCGGAT,C2,Cnan,0.21178767085075378
TTGCGTCGTAGCTAAA,C4,C3.0,0.8572584390640259
TTCCCAGGTCTACCTC,C0,C1.0,0.16804850101470947
TCTGAGAAGATGGGTC,C2,Cnan,0.5161879658699036
TCGTAGAAGTCCGGTC,C0,C1.0,0.05539510026574135
TGTGTTTCAAAGCGGT,C0,C1.0,0.3044731914997101
TCTTTCCCAATGTTGC,C3,C3.0,0.6075951457023621
TTTCCTCGTATAGGGC,C0,C1.0,0.23778848350048065
TCTTCGGCAATTCCTT,C0,C1.0,0.16519582271575928
TTGGCAATCGCAAGCC,C1,C2.0,0.1215095967054367
TCGCGAGAGATCCGAG,C3,C3.0,0.6627930402755737
TGGGCGTCACGAGAGT,C1,C2.0,0.08669549971818924
TTTGTCAGTTGCGCAC,C2,Cnan,0.20808145403862
TGACTTTTCGTACGGC,C3,C3.0,0.6026127934455872
TCGCGAGCATTGTGCA,C3,C3.0,0.5962480306625366
TGCCCTATCGCTGATA,C4,C3.0,0.9298971891403198
TGATTTCGTCGGGTCT,C1,C2.0,0.13180990517139435
TTCTCAACACGCATCG,C2,Cnan,0.1508936733007431
TGACAACCATGTTCCC,C1,C2.0,0.10482317209243774
TCCACACCACCATCCT,C3,C3.0,0.6463174223899841
TCGCGAGTCCCATTAT,C3,C3.0,0.9138737916946411
TCGGGACCAATCCAAC,C3,C3.0,0.8908065557479858
TTTATGCGTCTTGATG,C4,C3.0,0.8349996209144592
TTCTCCTTCGGCGCAT,C3,C3.0,0.7154911160469055
TTCTCCTGTAAGTAGT,C0,C1.0,0.41323280334472656
TTATGCTCATGCCTTC,C4,C3.0,0.6184912919998169
TTCTACAAGTCGATAA,C0,C1.0,0.347512811422348
TCTTCGGTCACCTCGT,C3,C3.0,0.6549251675605774
TTTGTCACAGATGGGT,C1,C2.0,0.0744224563241005
TGCGTGGCAATAAGCA,C3,C3.0,0.7248459458351135
TCGCGAGTCAACGCTA,C1,C2.0,0.07093842327594757
TTCGGTCTCTCCGGTT,C0,C1.0,0.20533478260040283
TGCGTGGCATGTTCCC,C4,C3.0,0.8382916450500488
TGTGGTAAGCAAATCA,C1,C2.0,0.16913138329982758
